turn,studentId,resourceId,rating,comment,timestamp,feedback_generated_by
1,S0003,R0054,5,This podcast was great! I really like learning about landforms and the audio format made it easy to listen to.,2025-04-21T23:44:53.578409,llm
1,S0047,R0168,5,"This podcast was great! I really like learning about how people live in different places, and I learn best by listening.",2025-04-21T23:44:53.626314,llm
1,S0018,R0047,4,This document was pretty good. It was easy to read and helped me understand what novels are all about.,2025-04-21T23:44:53.671448,llm
1,S0006,R0097,3,"This was okay since I like learning about biology, but I wish there were more hands-on ways to understand cell division instead of just reading about it.",2025-04-21T23:44:53.717991,llm
1,S0029,R0072,4,"This article was pretty good. I like learning about how things are classified, and reading works well for me.",2025-04-21T23:44:53.764180,llm
1,S0022,R0029,4,This simulation was pretty cool because I got to move around and learn about different places. It was way better than just reading a textbook.,2025-04-21T23:44:53.810987,llm
1,S0011,R0179,3,"It was okay because I like learning about cells, but I wish there were more pictures instead of just answering questions.",2025-04-21T23:44:53.856583,llm
1,S0004,R0158,5,This video was really helpful! It made genetics easy to understand with all the pictures and stuff.,2025-04-21T23:44:53.902141,llm
1,S0020,R0008,3,"The quiz was okay since I like short stories, but I'd prefer something I could listen to instead of clicking through.",2025-04-21T23:44:53.947696,llm
1,S0048,R0149,5,"This was awesome! I love listening to stuff about ancient history, and this podcast was super interesting.",2025-04-21T23:44:53.993321,llm
1,S0021,R0114,5,"This article was great! I love learning about different types of books, and reading is my favorite way to learn.",2025-04-21T23:44:54.039636,llm
1,S0046,R0007,3,"The video was okay since I like learning about states of matter, but I wish there were more hands-on activities to do.",2025-04-21T23:44:54.086342,llm
1,S0043,R0148,5,This document was super helpful for understanding sets. Reading about it is definitely how I learn best.,2025-04-21T23:44:54.132108,llm
1,S0041,R0041,4,This simulation was pretty cool because I got to mess around with heat and temperature.  It was a good way to learn by actually doing stuff.,2025-04-21T23:44:54.178272,llm
1,S0042,R0090,4,This quiz was pretty good! I liked the topic and it was a fun way to review.,2025-04-21T23:44:54.223772,llm
1,S0019,R0160,5,This quiz was a cool way to learn about early civilizations.  I liked being able to move around while answering the questions.,2025-04-21T23:44:54.268688,llm
1,S0002,R0034,5,"This document was great! I really like learning about logic, and I learn best by reading.",2025-04-21T23:44:54.319023,llm
1,S0031,R0136,4,The video helped me understand the topic better. It was good to see the concepts visually.,2025-04-21T23:44:54.363895,llm
1,S0024,R0159,5,This simulation was great! I really liked being able to interact with the functions to see how they work.,2025-04-21T23:44:54.409969,llm
1,S0040,R0095,5,"This quiz was great! It really helped me practice solving equations, which is one of my favorite things to do in math.",2025-04-21T23:44:54.454887,llm
1,S0038,R0072,5,"This article was great! I really like learning about how we classify living things, and I learn best by reading.",2025-04-21T23:44:54.500272,llm
1,S0037,R0152,5,"This podcast was awesome! I love learning about different people and places, and listening is my favorite way to learn.",2025-04-21T23:44:54.546286,llm
1,S0015,R0087,5,This quiz was great! I really liked doing something hands-on to test what I learned about heat and temperature.,2025-04-21T23:44:54.591971,llm
1,S0032,R0005,5,This video was really helpful. Seeing the landforms made it easier to understand.,2025-04-21T23:44:54.642410,llm
1,S0016,R0149,4,"I liked that this was a podcast because I learn best by listening.  The topic wasn't my favorite, but the audio format made it easier to pay attention.",2025-04-21T23:44:54.687119,llm
2,S0025,R0087,5,This quiz was a great way to test what I learned about heat and temperature. I liked the hands-on feel of answering the questions.,2025-04-21T23:45:13.088644,llm
2,S0048,R0203,3,"The topic was interesting, but I learn better by listening than looking at slides.",2025-04-21T23:45:13.135183,llm
2,S0012,R0047,4,"This was a good reading about novels. I like literature topics, and reading works okay for me.",2025-04-21T23:45:13.180646,llm
2,S0016,R0180,3,"The topic was okay, but I wish it was something I could listen to instead of just looking at pictures.",2025-04-21T23:45:13.225001,llm
2,S0013,R0104,5,This article was really helpful for understanding cell structure. I like reading about biology topics.,2025-04-21T23:45:13.269389,llm
2,S0026,R0083,4,This was pretty good. I liked actually doing stuff instead of just reading.,2025-04-21T23:45:13.314174,llm
2,S0039,R0050,5,This quiz was great! I really like learning about cell division and the hands-on activities helped me understand it better.,2025-04-21T23:45:13.358133,llm
2,S0031,R0150,4,"The video format was good for me. The topic was okay, nothing I particularly dislike.",2025-04-21T23:45:13.402724,llm
2,S0017,R0082,5,This document was really helpful for understanding bonding. Reading about it makes sense to me.,2025-04-21T23:45:13.446891,llm
2,S0022,R0044,4,This map was pretty helpful for understanding the different regions. It made the information easy to see.,2025-04-21T23:45:13.491881,llm
2,S0023,R0185,5,This map was really helpful for understanding logic!  I liked seeing everything laid out visually.,2025-04-21T23:45:13.544074,llm
2,S0009,R0129,5,"This article was great! Energy is one of my favorite physics topics, and reading about it is how I learn best.",2025-04-21T23:45:13.590680,llm
2,S0043,R0166,5,"This article was really interesting! It was easy to read and learn about early civilizations, which I like.",2025-04-21T23:45:13.634145,llm
2,S0040,R0060,4,"This simulation was pretty cool because I got to actually do stuff.  Even though it wasn't about math, the hands-on part made it interesting.",2025-04-21T23:45:13.679057,llm
2,S0010,R0115,5,This article was really interesting! I like reading about biology and this explained things well.,2025-04-21T23:45:13.723926,llm
2,S0044,R0200,3,"The topic was pretty cool, but I wish there was something more active than just listening to learn about sets.",2025-04-21T23:45:13.768079,llm
2,S0029,R0142,4,"The map was a cool way to see how cells divide. I like learning about this stuff, and the pictures helped.",2025-04-21T23:45:13.813217,llm
2,S0033,R0010,5,This document was really helpful for understanding maps. I like reading about this stuff.,2025-04-21T23:45:13.858309,llm
2,S0019,R0080,5,This simulation was really cool!  Getting to act things out made learning about drama way more interesting than just reading.,2025-04-21T23:45:13.902963,llm
2,S0021,R0021,3,"The reading format was good, but the topic wasn't my favorite. It was okay to get through.",2025-04-21T23:45:13.947402,llm
2,S0042,R0039,4,This quiz on force and motion was pretty good. It covered a topic I like and the questions made me think.,2025-04-21T23:45:13.994143,llm
2,S0015,R0074,5,This quiz was great! It really helped me understand energy better since I could do things.,2025-04-21T23:45:14.039719,llm
2,S0008,R0163,3,"The topic was interesting, but I learn better when I can listen to things instead of doing them.",2025-04-21T23:45:14.084879,llm
2,S0020,R0172,5,This podcast was perfect for me! I love learning about novels and listening is my favorite way to learn.,2025-04-21T23:45:14.130613,llm
3,S0016,R0044,3,"The topic was pretty interesting, but I learn better when I can listen to things, so this visual resource wasn't my favorite way to study.",2025-04-21T23:45:46.157437,llm
3,S0028,R0196,3,"The topic was interesting, but I learn better by listening than looking at slides.",2025-04-21T23:45:46.203653,llm
3,S0006,R0087,5,"This quiz was great! I like learning about heat and temperature, and the questions made me think in a hands-on way.",2025-04-21T23:45:46.248294,llm
3,S0005,R0129,2,"The article was easy to read, which I like, but the topic wasn't really my thing.",2025-04-21T23:45:46.297912,llm
3,S0004,R0016,5,"This slideshow was awesome! It had lots of pictures and diagrams which really helped me understand all the parts of the cell.  I love learning about cells, so this was perfect.",2025-04-21T23:45:46.343163,llm
3,S0019,R0031,3,"The topic was cool, but I learn better when I can do stuff, not just look at pictures.",2025-04-21T23:45:46.393359,llm
3,S0049,R0161,3,"It was okay because I like learning by doing, but the topic wasn't my favorite. I prefer chemistry stuff.",2025-04-21T23:45:46.438518,llm
3,S0017,R0140,4,"The topic was interesting, but I usually learn better by reading than doing activities.",2025-04-21T23:45:46.483192,llm
3,S0008,R0095,3,"The topic was okay since I like math, but I prefer listening to things rather than doing hands-on stuff.",2025-04-21T23:45:46.527435,llm
3,S0013,R0115,5,"This article was perfect! I love reading about biology, and this explained everything really well.",2025-04-21T23:45:46.572090,llm
3,S0033,R0006,5,"This article was great! I really like learning about different types of matter, and reading about it is how I learn best.",2025-04-21T23:45:46.617165,llm
3,S0037,R0168,5,"This podcast was great! I really like learning about how people live in different places, and listening is my favorite way to learn.",2025-04-21T23:45:46.660471,llm
3,S0007,R0172,5,This was a great way to learn about the novel genre. Listening to it made it easy to understand.,2025-04-21T23:45:46.707487,llm
3,S0018,R0188,4,This article was pretty good since I like reading anyway. It covered the topic well.,2025-04-21T23:45:46.752555,llm
3,S0042,R0192,4,"I liked this quiz. It helped me practice stuff about matter and properties, which I'm into.",2025-04-21T23:45:46.797842,llm
3,S0011,R0185,5,This map was super helpful for understanding logic! I like seeing things visually.,2025-04-21T23:45:46.842531,llm
3,S0002,R0148,5,This document on sets was really good. I like reading about math topics like this.,2025-04-21T23:45:46.886764,llm
3,S0012,R0208,4,"This document was pretty good. I like learning about novels, and reading about it works for me.",2025-04-21T23:45:46.931619,llm
3,S0021,R0162,5,This document was really helpful for learning about poetry.  It matched how I like to learn.,2025-04-21T23:45:46.977397,llm
3,S0014,R0194,3,"The topic was okay since I like math, but I learn better by listening than just looking at slides.",2025-04-21T23:45:47.022285,llm
3,S0015,R0011,3,"The activity was okay since I like doing things, but the topic wasn't my favorite.  It was kind of boring.",2025-04-21T23:45:47.067209,llm
3,S0027,R0146,4,The video was really helpful because I learn best by seeing things. It explained heat and temperature clearly.,2025-04-21T23:45:47.112120,llm
3,S0036,R0170,4,"The reading was good, and I actually didn't mind learning about physics. It was easy to follow.",2025-04-21T23:45:47.157086,llm
3,S0046,R0126,5,This simulation was really helpful for seeing how states of matter work. It made the topic way easier to understand because I could actually interact with it.,2025-04-21T23:45:47.202331,llm
4,S0044,R0014,3,"The topic was good, I like equations. But I wish there was more hands-on stuff instead of just looking at slides.",2025-04-21T23:46:03.943357,llm
4,S0038,R0079,3,"The topic was cool, but I usually learn better when I can read about stuff instead of just looking at pictures.",2025-04-21T23:46:03.989681,llm
4,S0022,R0012,4,This simulation was pretty cool. It was hands-on and helped me understand the basics of physics better.,2025-04-21T23:46:04.035091,llm
4,S0034,R0160,5,This quiz was really good because I learn best by doing things. It helped me remember the early civilizations stuff better.,2025-04-21T23:46:04.079897,llm
4,S0028,R0162,3,"The topic was interesting, but I learn better by listening instead of reading.",2025-04-21T23:46:04.124972,llm
4,S0039,R0095,5,"This quiz was pretty good, I like doing things hands-on and I like this topic.",2025-04-21T23:46:04.171217,llm
4,S0014,R0066,3,"The video was okay since I like triangles, but I learn better by listening to things.",2025-04-21T23:46:04.216247,llm
4,S0027,R0094,5,This video was great! I really liked how it showed me everything.,2025-04-21T23:46:04.261358,llm
4,S0045,R0061,5,This video was really helpful for understanding functions. I like learning about math topics like this.,2025-04-21T23:46:04.306421,llm
4,S0021,R0047,5,"This document was great!  I really like learning about different types of books, and reading is how I learn best.",2025-04-21T23:46:04.351511,llm
4,S0018,R0124,5,This document was really easy to follow since I like reading. Poetry is a cool topic.,2025-04-21T23:46:04.396320,llm
4,S0013,R0162,5,"This document was great! I really like reading about poetry, and the format was easy to follow.",2025-04-21T23:46:04.441419,llm
4,S0049,R0032,4,This quiz was pretty good because it let me actually do stuff.  I wish it was about chemistry though.,2025-04-21T23:46:04.485914,llm
4,S0002,R0105,5,"This article was great! I really like learning about geography, and reading is how I learn best.",2025-04-21T23:46:04.532570,llm
4,S0043,R0188,3,"This article was okay. I like reading, but I'm not super into literature topics.",2025-04-21T23:46:04.577975,llm
4,S0016,R0013,5,This podcast was great! It was easy to listen to and covered topics I'm interested in.,2025-04-21T23:46:04.623176,llm
4,S0007,R0158,2,This video wasn't really my thing. I usually learn better by listening.,2025-04-21T23:46:04.667615,llm
4,S0012,R0132,5,This article was really helpful for understanding short stories. I like reading and writing about literature.,2025-04-21T23:46:04.712167,llm
4,S0050,R0133,5,"This video was super helpful for understanding atoms!  Since I like learning visually, seeing the diagrams really clicked for me.",2025-04-21T23:46:04.757171,llm
4,S0026,R0140,4,"It was a quiz, which is a good way to check if I understand things.  History is okay, so I didn't hate it.",2025-04-21T23:46:04.801757,llm
4,S0029,R0201,4,"This article was pretty good since it was about cells, which I like.  Reading is okay for me.",2025-04-21T23:46:04.847209,llm
4,S0040,R0140,4,This quiz was good because it let me move around a bit. It wasn't about math though.,2025-04-21T23:46:04.894064,llm
5,S0024,R0191,5,This simulation was awesome! It really helped me understand chemical reactions by letting me do things myself.,2025-04-21T23:46:32.406150,llm
5,S0044,R0050,4,"The quiz was a good way to learn about cell division because I got to move around and interact with the questions. I don't usually like biology, but this was okay.",2025-04-21T23:46:32.451319,llm
5,S0033,R0201,5,"This article was great! It really helped me understand cell structure better, and reading is my preferred way to learn.",2025-04-21T23:46:32.498045,llm
5,S0005,R0174,5,"This document was great for learning about genetics! I like reading, so this was perfect.",2025-04-21T23:46:32.666894,llm
5,S0017,R0034,5,This was a really good document about logic. It was easy to read and understand.,2025-04-21T23:46:32.838665,llm
5,S0023,R0059,5,"This video was really helpful! I like learning about novels, and seeing it explained visually made it easy to understand.",2025-04-21T23:46:32.884021,llm
5,S0036,R0124,4,"This document was good because I like reading and writing, and it was about poetry. It was easy to follow along.",2025-04-21T23:46:32.928595,llm
5,S0007,R0184,5,"This was great! I really like learning by listening, and the podcast made the topic interesting.",2025-04-21T23:46:32.972812,llm
5,S0031,R0191,4,This was pretty cool because I got to actually do stuff.  It made learning about reactions way more interesting.,2025-04-21T23:46:33.018082,llm
5,S0050,R0189,3,"The quiz was okay since I like bonding, but I learn better with pictures and diagrams instead of just doing questions.",2025-04-21T23:46:33.064019,llm
5,S0015,R0192,5,This quiz was great! It really helped me understand matter better because I could actually do stuff.,2025-04-21T23:46:33.155947,llm
5,S0025,R0192,5,This quiz was a great way to test what I learned about matter and properties.  Doing the quiz helped me remember things better.,2025-04-21T23:46:33.202532,llm
5,S0028,R0065,5,This was great! I love listening to stuff about short stories.,2025-04-21T23:46:33.248107,llm
5,S0027,R0019,4,The slideshow was helpful because I like looking at pictures and diagrams to understand things. It made learning about sets pretty easy.,2025-04-21T23:46:33.293600,llm
5,S0012,R0061,4,"This video was pretty helpful for understanding the basics of functions. I like learning about this topic, and the video format worked well for me.",2025-04-21T23:46:33.340177,llm
5,S0004,R0205,5,This map thing for bonding was really helpful! Seeing how everything connects makes way more sense.,2025-04-21T23:46:33.385993,llm
5,S0038,R0169,3,"The document was easy to read, which I liked. I'm not super into geography, but it was okay.",2025-04-21T23:46:33.433712,llm
5,S0019,R0042,5,"This quiz was a good way to check what I learned. I like history, and doing the quiz helped me remember the important stuff.",2025-04-21T23:46:33.478867,llm
5,S0001,R0092,5,This quiz was awesome! Doing stuff helps me understand heat way better.,2025-04-21T23:46:33.524116,llm
5,S0026,R0161,4,"The quiz was okay, it felt like it fit how I like to learn. I don't mind sets.",2025-04-21T23:46:33.569709,llm
5,S0034,R0186,5,This simulation was really helpful! I liked being able to actually do things to learn about chemistry.,2025-04-21T23:46:33.614662,llm
5,S0049,R0186,5,This simulation was awesome! It was super helpful to actually do things to learn about chemistry.,2025-04-21T23:46:33.660728,llm
5,S0041,R0108,4,"It was a good way to learn about novels, I liked doing the quiz myself.",2025-04-21T23:46:33.707436,llm
6,S0030,R0019,5,This slideshow was really helpful for understanding sets.  I like learning with pictures and diagrams.,2025-04-21T23:46:48.061382,llm
6,S0034,R0008,5,This quiz was a good way to test what I learned. It felt like doing something hands-on.,2025-04-21T23:46:48.107661,llm
6,S0019,R0163,3,"The simulation part was cool and helped me understand it better, but I still don't really like learning about energy that much.",2025-04-21T23:46:48.153540,llm
6,S0040,R0141,5,"This quiz was really helpful for practicing sets. I like doing things hands-on, and this felt like it fit my style.",2025-04-21T23:46:48.199191,llm
6,S0024,R0090,4,"The quiz was okay, it was good that I could move around and do things. Physics isn't my favorite though.",2025-04-21T23:46:48.244489,llm
6,S0031,R0163,4,"This simulation was pretty hands-on, which I liked since I learn best by doing.  Energy is an okay topic.",2025-04-21T23:46:48.289876,llm
6,S0037,R0193,3,"The quiz was okay since I like geography, but I learn better by listening than doing hands-on stuff.",2025-04-21T23:46:48.335148,llm
6,S0042,R0206,5,This simulation was really helpful for understanding force and motion! I liked being able to actually do things to see how it works.,2025-04-21T23:46:48.380062,llm
6,S0003,R0035,5,This podcast was great! It was easy to listen to and I like learning about different places.,2025-04-21T23:46:48.425055,llm
6,S0006,R0048,5,This simulation was awesome! I learned so much about landforms and climate by actually doing stuff.,2025-04-21T23:46:48.470612,llm
6,S0038,R0166,3,"The article was okay to read, but I'm not really into history topics that much. I prefer science stuff.",2025-04-21T23:46:48.515319,llm
6,S0045,R0055,4,"This video was pretty good. I like learning about the Age of Exploration, and watching a video helped me understand it.",2025-04-21T23:46:48.560382,llm
6,S0007,R0046,5,This was a great way to learn about logic! I really liked being able to listen to it.,2025-04-21T23:46:48.605372,llm
6,S0018,R0162,5,This document was great! Reading about poetry is exactly how I like to learn.,2025-04-21T23:46:48.649841,llm
6,S0047,R0012,3,"The topic was pretty cool since it's physics, but I wish there was an audio version instead of just doing stuff myself.",2025-04-21T23:46:48.695275,llm
6,S0044,R0165,4,This simulation was pretty cool because I got to mess around with the forces and see what happens. It helped me understand the topic better than just reading about it.,2025-04-21T23:46:48.741806,llm
6,S0020,R0184,4,"The audio format was great for me! While history isn't my favorite, the podcast was pretty interesting.",2025-04-21T23:46:48.786398,llm
6,S0043,R0093,5,"This article was really interesting! I like reading about ancient stuff, and this explained it well.",2025-04-21T23:46:48.831476,llm
6,S0025,R0206,5,This simulation was really helpful for understanding force and motion. Being able to actually interact with it made a big difference.,2025-04-21T23:46:48.876645,llm
6,S0027,R0022,5,This map was really helpful for seeing how everything connects.  It made understanding biology easier.,2025-04-21T23:46:48.921892,llm
6,S0002,R0051,3,"It was an okay document to read, which is how I like to learn. But the topic wasn't really my favorite thing.",2025-04-21T23:46:48.966774,llm
6,S0014,R0046,5,This podcast was great! I like learning about logic and listening is how I learn best.,2025-04-21T23:46:49.011502,llm
6,S0001,R0161,3,"The activity was okay because it was hands-on, which I liked.  But the topic wasn't really my favorite.",2025-04-21T23:46:49.057527,llm
6,S0050,R0107,3,"The quiz was okay since I like bonding, but I usually learn better with visuals instead of just doing things.",2025-04-21T23:46:49.102430,llm
7,S0038,R0137,5,"This article was really good! I like reading about biology, and this explained it well.",2025-04-21T23:47:03.075540,llm
7,S0023,R0014,5,"This slideshow was great! I really like learning about equations, and seeing it all laid out visually made it easy to understand.",2025-04-21T23:47:03.122522,llm
7,S0027,R0158,5,This video was great for me because I like learning by watching things. Genetics is pretty cool.,2025-04-21T23:47:03.167536,llm
7,S0049,R0029,3,"The simulation was okay because it matched how I like to learn, but I'm not really into geography topics.",2025-04-21T23:47:03.213047,llm
7,S0008,R0149,5,"This was awesome! I really liked learning about Ancient Greece and Rome, and the podcast format made it easy to listen to.",2025-04-21T23:47:03.260262,llm
7,S0016,R0168,5,"This podcast was awesome! I really like learning about how people live in different places, and listening to it made it easy to understand.",2025-04-21T23:47:03.306059,llm
7,S0024,R0026,5,This quiz was a cool way to practice functions. I liked being able to move things around.,2025-04-21T23:47:03.479112,llm
7,S0030,R0185,5,This was really helpful! I like learning with maps and I like logic.,2025-04-21T23:47:03.523839,llm
7,S0029,R0033,3,"The video was okay, but chemistry isn't really my favorite subject. I usually like videos though.",2025-04-21T23:47:03.569166,llm
7,S0002,R0057,5,"This document on sets was really helpful. I like reading, so this was a good way to learn about it.",2025-04-21T23:47:03.613689,llm
7,S0013,R0124,5,I really liked this document. Reading about poetry is my favorite.,2025-04-21T23:47:03.658829,llm
7,S0004,R0118,4,This visual timeline was pretty cool for learning about states of matter.  I like seeing stuff like this instead of just reading.,2025-04-21T23:47:03.703765,llm
7,S0006,R0090,5,This quiz was great! I liked doing something hands-on with the physics topic.,2025-04-21T23:47:03.749532,llm
7,S0037,R0115,3,"The topic was cool, I like learning about living things. But I'd rather listen to something than read a long article.",2025-04-21T23:47:03.793711,llm
7,S0022,R0158,4,This video was pretty good. Seeing the genetics stuff explained visually helped me understand it better.,2025-04-21T23:47:03.838488,llm
7,S0010,R0006,3,"The article was easy to read since it was reading/writing, which I like. But the topic about matter wasn't really my favorite.",2025-04-21T23:47:03.884061,llm
7,S0012,R0124,4,"It was pretty good. I like learning about poetry, and reading about it worked for me.",2025-04-21T23:47:03.928320,llm
7,S0017,R0153,5,"This document on triangles was really helpful. I like learning by reading, and triangles are a good topic.",2025-04-21T23:47:03.974054,llm
7,S0031,R0158,4,"This video was pretty good. I like learning about genetics, and watching it helped me understand the ideas better.",2025-04-21T23:47:04.019560,llm
7,S0021,R0094,4,"This video was pretty good because I like learning about short stories. I usually like reading more than watching videos, but the topic made it interesting.",2025-04-21T23:47:04.064162,llm
7,S0034,R0002,5,This simulation was really helpful because I learn best by doing. It made the logic stuff make more sense.,2025-04-21T23:47:04.109391,llm
7,S0042,R0170,4,This document was pretty good. I like learning about physics and reading is okay for me.,2025-04-21T23:47:04.153877,llm
7,S0005,R0084,4,"This slideshow was pretty good since I like learning about human geography. I usually prefer reading though, so I had to pay extra attention to the pictures.",2025-04-21T23:47:04.199173,llm
7,S0036,R0008,4,"The quiz was okay. I like reading about short stories, but doing the quiz felt a bit different than just reading.",2025-04-21T23:47:04.243541,llm
7,S0041,R0083,4,"The simulation was cool because I like doing stuff. Geography isn't my favorite topic, but the activity made it better.",2025-04-21T23:47:04.288049,llm
7,S0018,R0057,4,"This document was pretty good for learning about sets. Reading is how I learn best, so this worked well for me.",2025-04-21T23:47:04.332145,llm
8,S0040,R0165,5,This simulation was really helpful! I liked being able to mess around with the forces and see what happened.,2025-04-21T23:47:18.588252,llm
8,S0036,R0188,5,This article was easy to follow since I like reading. It explained plot and character well.,2025-04-21T23:47:18.633474,llm
8,S0002,R0132,3,"The article was okay to read since I like reading, but I'm not really into analyzing short stories.",2025-04-21T23:47:18.678468,llm
8,S0045,R0032,4,This was a pretty good quiz on equations.  I like practicing math and this helped.,2025-04-21T23:47:18.723706,llm
8,S0004,R0106,5,This slideshow was really helpful! I like learning about cells and seeing pictures makes it way easier to understand.,2025-04-21T23:47:18.768670,llm
8,S0028,R0172,5,This podcast was great! I love learning about novels and listening is my favorite way to learn.,2025-04-21T23:47:18.812764,llm
8,S0011,R0190,5,This timeline was really helpful! Seeing the events laid out visually made it much easier to understand Ancient Greece and Rome.,2025-04-21T23:47:18.856905,llm
8,S0044,R0192,4,"The quiz was a good way to learn about matter and properties. It was hands-on, which helped me understand it better.",2025-04-21T23:47:18.900991,llm
8,S0033,R0085,5,"This document was really helpful for learning about population and culture. I like reading about this stuff, and the format worked well for me.",2025-04-21T23:47:18.944973,llm
8,S0023,R0076,5,Loved the video! It made learning about poetry really easy to understand because I like watching things.,2025-04-21T23:47:18.989554,llm
8,S0018,R0208,5,This was good because I like reading and it was about novels. It was easy to understand.,2025-04-21T23:47:19.036326,llm
8,S0030,R0159,3,"The topic was good, I like learning about functions. But the hands-on stuff wasn't really my thing.",2025-04-21T23:47:19.081722,llm
8,S0001,R0192,5,This was a really good way to practice! I liked actually doing stuff to learn about matter.,2025-04-21T23:47:19.125860,llm
8,S0022,R0053,4,"The video format was good for me. I liked learning about genetics, it was interesting.",2025-04-21T23:47:19.170358,llm
8,S0031,R0192,4,"The quiz was okay. I liked that it was interactive, which helped me learn about matter better.",2025-04-21T23:47:19.260553,llm
8,S0042,R0134,4,The video on heat and temperature was pretty good. I like learning about physics topics and the video helped me understand it better.,2025-04-21T23:47:19.305894,llm
8,S0032,R0086,4,The video format was really helpful for understanding the concepts. It was easier to follow than just reading about it.,2025-04-21T23:47:19.351079,llm
8,S0041,R0042,5,This quiz was a good way to practice what I learned about history. I liked that it was hands-on.,2025-04-21T23:47:19.396755,llm
8,S0029,R0075,4,"It was pretty good because I like learning about biology. The quiz was a bit different than what I usually do, but it helped me remember the stuff.",2025-04-21T23:47:19.442008,llm
8,S0017,R0166,5,"This article was really interesting! I like reading about ancient history, and this explained stuff clearly.",2025-04-21T23:47:19.486299,llm
8,S0026,R0002,4,This simulation was pretty cool.  It helped me understand the logic stuff better by actually doing things.,2025-04-21T23:47:19.531204,llm
8,S0015,R0160,5,This quiz was great! I like history and doing things to learn.,2025-04-21T23:47:19.576875,llm
8,S0010,R0070,3,"The reading format was good, which I like. But the topic wasn't really my favorite.",2025-04-21T23:47:19.622485,llm
8,S0007,R0015,5,"This was great! I learn best by listening, and the podcast made the topic easy to understand.",2025-04-21T23:47:19.666852,llm
8,S0025,R0116,5,This quiz was a great way to test what I learned about chemistry. I liked that it was interactive.,2025-04-21T23:47:19.712340,llm
8,S0043,R0023,5,"This document was great! I like learning about functions, and reading about it helps me understand it better.",2025-04-21T23:47:19.802603,llm
8,S0014,R0184,3,"The audio format was good, but I'm not really into history topics like this one.",2025-04-21T23:47:19.848893,llm
9,S0012,R0060,5,"This was a fun way to learn about early civilizations. I like doing things hands-on, and this topic is pretty interesting.",2025-04-21T23:47:33.497049,llm
9,S0047,R0078,3,"The audio format was good for me, but I'm not really into biology topics like cell division. It was okay, I guess.",2025-04-21T23:47:33.542535,llm
9,S0023,R0019,4,This slideshow was pretty good. It was easy to follow along since I like looking at pictures and diagrams.,2025-04-21T23:47:33.587925,llm
9,S0043,R0021,5,"This document was great! I like reading about how we classify living things, and the format was easy to follow.",2025-04-21T23:47:33.632620,llm
9,S0014,R0068,3,"The audio format was good, but I'm not that into history topics like the Middle Ages. It was okay, but not my favorite.",2025-04-21T23:47:33.722290,llm
9,S0044,R0032,5,This quiz on equations was awesome!  It was hands-on and helped me understand the topic better.,2025-04-21T23:47:33.767781,llm
9,S0038,R0131,5,"This document was great! It covered the basics of chemistry, which I'm really interested in, and reading is how I learn best.",2025-04-21T23:47:33.812519,llm
9,S0049,R0095,3,"The quiz was okay because it was interactive, which I like. But I'm not a huge fan of math topics like equations.",2025-04-21T23:47:33.859614,llm
9,S0035,R0030,4,"It was good to learn about chemistry, which I like. A slideshow is okay, but I learn better by doing things.",2025-04-21T23:47:33.904336,llm
9,S0007,R0035,5,This was good because I like listening to things to learn.  It was easy to follow along.,2025-04-21T23:47:33.949096,llm
9,S0006,R0157,5,This simulation was great!  I learned a lot about classification by actually doing things.,2025-04-21T23:47:33.995256,llm
9,S0034,R0116,5,This quiz was great for me because I learn by doing things. It was a good way to practice the chemistry stuff.,2025-04-21T23:47:34.040698,llm
9,S0048,R0116,3,"The topic was okay since I like chemistry, but I don't really learn well by doing quizzes.",2025-04-21T23:47:34.086849,llm
9,S0024,R0116,5,This quiz was great! I really liked the hands-on way it tested my knowledge of chemistry basics.,2025-04-21T23:47:34.132927,llm
9,S0025,R0126,5,This simulation was really cool! I liked being able to mess around with the different states of matter and see how they changed.,2025-04-21T23:47:34.178151,llm
9,S0028,R0114,3,"The topic was interesting since I like novels, but I prefer learning through listening rather than reading articles.",2025-04-21T23:47:34.223767,llm
9,S0003,R0135,3,The quiz was okay because I like geography.  I usually learn better by listening though.,2025-04-21T23:47:34.313502,llm
9,S0026,R0099,4,This timeline was pretty cool! It was easy to follow and helped me see how maps changed over time.,2025-04-21T23:47:34.358874,llm
9,S0040,R0206,4,This simulation was pretty cool 'cause I got to mess around with forces and see what happened. It helped me understand the topic way better than just reading about it.,2025-04-21T23:47:34.403742,llm
9,S0039,R0008,2,"The quiz was okay since it was hands-on, but I really don't like short stories.",2025-04-21T23:47:34.493070,llm
9,S0033,R0154,5,"This document was great! I like reading about physics, and this explained the intro topic really well.",2025-04-21T23:47:34.537858,llm
9,S0046,R0108,5,"This quiz was cool because it let me do stuff about novels, which I like. It fit how I like to learn.",2025-04-21T23:47:34.583542,llm
9,S0041,R0189,5,This quiz was great!  I really like chemistry stuff and doing hands-on activities helps me learn.,2025-04-21T23:47:34.628523,llm
9,S0010,R0154,2,"The reading format was fine, but physics isn't really my thing. I prefer learning about biology topics.",2025-04-21T23:47:34.676148,llm
9,S0050,R0106,4,"The slideshow was good since I like visual stuff.  I'm not super into cells, but the pictures helped me understand it.",2025-04-21T23:47:34.720604,llm
10,S0009,R0115,5,"This article was a great way to learn about biology. Reading is my favorite way to study, and I really like this topic.",2025-04-21T23:47:49.021061,llm
10,S0027,R0156,5,This video was really helpful! Seeing the process made it much easier to understand.,2025-04-21T23:47:49.067956,llm
10,S0046,R0159,4,This simulation helped me understand functions better because I got to actually do stuff with it.  It was way more engaging than just reading about it.,2025-04-21T23:47:49.114015,llm
10,S0049,R0191,5,This simulation was awesome! It really helped me understand how reactions work by letting me actually do stuff.,2025-04-21T23:47:49.160256,llm
10,S0045,R0060,4,"It was pretty good because I like history, and the simulation made it more hands-on, which helped me understand the topic better.",2025-04-21T23:47:49.206910,llm
10,S0042,R0087,4,"The quiz was a good way to test what I learned about heat and temperature. It was a bit different doing a quiz in a hands-on way, but it helped me remember things.",2025-04-21T23:47:49.253295,llm
10,S0015,R0092,5,This quiz was great! It was on a topic I like and I learn best by doing things like this.,2025-04-21T23:47:49.299719,llm
10,S0041,R0192,4,"This quiz was pretty good because it let me interact with the concepts. The topic wasn't my favorite, but the activity made it better.",2025-04-21T23:47:49.345307,llm
10,S0047,R0135,3,"The topic was interesting, but I wish there was an audio version of this quiz. I learn better by listening.",2025-04-21T23:47:49.393913,llm
10,S0011,R0061,5,This video was super helpful!  I liked seeing how functions work.,2025-04-21T23:47:49.438291,llm
10,S0025,R0189,5,This quiz was a great way to practice bonding concepts. I like how it let me interact with the material.,2025-04-21T23:47:49.483150,llm
10,S0034,R0060,5,This simulation was really cool and helped me understand the material better. I liked being able to actually do things instead of just reading.,2025-04-21T23:47:49.573656,llm
10,S0050,R0079,5,This timeline was really helpful for understanding the history of chemistry. It was easy to follow and visually appealing.,2025-04-21T23:47:49.619822,llm
10,S0013,R0057,3,"The reading format worked well for me, but the topic wasn't my favorite. It was okay, but not super interesting.",2025-04-21T23:47:49.664769,llm
10,S0040,R0002,5,This was awesome! I love logic and doing it this way made it super easy to understand.,2025-04-21T23:47:49.710467,llm
10,S0007,R0182,5,This podcast was really helpful for understanding atomic structure.  Listening to it made it much easier to follow along.,2025-04-21T23:47:49.755111,llm
10,S0048,R0015,5,This podcast was great! I really like learning about chemistry and the audio format made it easy to listen and understand.,2025-04-21T23:47:49.801366,llm
10,S0030,R0014,5,This was a really good slideshow! Equations are interesting and the pictures helped me understand.,2025-04-21T23:47:49.845800,llm
10,S0016,R0193,3,"The topic was okay, but I prefer listening to things rather than doing a quiz.",2025-04-21T23:47:49.893617,llm
10,S0024,R0041,5,This simulation was really helpful! I liked being able to actually do things to understand heat and temperature.,2025-04-21T23:47:49.939994,llm
10,S0019,R0095,5,"This was a good quiz on equations, which I like. The hands-on style really helped me learn.",2025-04-21T23:47:49.984702,llm
10,S0017,R0023,5,This document was really helpful!  Reading about functions made sense to me.,2025-04-21T23:47:50.030155,llm
10,S0001,R0025,3,"The video was okay, I guess. It's a cool topic, but I learn better when I can actually do stuff.",2025-04-21T23:47:50.075442,llm
10,S0003,R0167,5,This podcast was great! I like learning about sets and listening made it easy to understand.,2025-04-21T23:47:50.166505,llm
10,S0010,R0082,3,"The reading format was good for me, but the topic wasn't really my favorite. It was okay though.",2025-04-21T23:47:50.260521,llm
11,S0022,R0171,4,The video was pretty good. I like watching videos to learn stuff.,2025-04-21T23:48:04.204082,llm
11,S0018,R0155,4,This was a good fit for how I like to learn. The reading format made it easy to understand.,2025-04-21T23:48:04.251035,llm
11,S0015,R0165,5,This simulation was awesome! I love getting to actually do stuff to learn about force and motion.,2025-04-21T23:48:04.295927,llm
11,S0050,R0024,5,"This slideshow was really helpful! I like learning about bonding, and the pictures made it easy to understand.",2025-04-21T23:48:04.340318,llm
11,S0037,R0158,3,"The topic was cool, but I wish there was an audio version. It was a little hard to follow just by watching.",2025-04-21T23:48:04.387111,llm
11,S0011,R0156,5,This video was really helpful! Seeing the steps of cell division made it way easier to understand.,2025-04-21T23:48:04.432246,llm
11,S0003,R0075,3,"The topic was good, but I prefer listening to things rather than doing activities.",2025-04-21T23:48:04.479254,llm
11,S0049,R0107,5,This quiz was great! I like learning about bonding and doing things helps me remember it.,2025-04-21T23:48:04.524348,llm
11,S0044,R0095,5,"This quiz was great! I really like practicing equations, and doing it hands-on like this helps me understand it better.",2025-04-21T23:48:04.573126,llm
11,S0042,R0001,4,"The video was pretty good. It covered matter and properties which I like, and I learn well from watching videos.",2025-04-21T23:48:04.624755,llm
11,S0035,R0206,5,This simulation was awesome! I learned so much about force and motion by actually doing stuff.,2025-04-21T23:48:04.674316,llm
11,S0028,R0130,3,"The topic was interesting, but I learn better by listening than looking at timelines.",2025-04-21T23:48:04.720471,llm
11,S0047,R0087,3,"The topic was interesting, but I usually learn better when I can listen to things instead of doing something hands-on.",2025-04-21T23:48:04.766888,llm
11,S0025,R0026,5,This quiz was a great way to practice functions. I liked being able to move things around to see how they worked.,2025-04-21T23:48:04.813437,llm
11,S0024,R0012,5,"This simulation was great! I learn best by doing, and the topic was pretty interesting too.",2025-04-21T23:48:04.858352,llm
11,S0016,R0065,5,This podcast was great! I really like learning about short stories and listening helped me understand it better.,2025-04-21T23:48:04.905591,llm
11,S0033,R0145,5,"This article was great! I really like learning about different regions, and reading is my favorite way to learn.",2025-04-21T23:48:04.951447,llm
11,S0029,R0137,4,"This article was pretty good since it was about biology, which I like. Reading is okay, but I prefer a mix of things.",2025-04-21T23:48:04.998082,llm
11,S0038,R0204,5,This document was perfect for me. I love reading about classification and it matched how I like to learn.,2025-04-21T23:48:05.042981,llm
11,S0032,R0194,4,The slideshow was easy to follow since I like looking at pictures and diagrams. It helped me understand the math equations better.,2025-04-21T23:48:05.089823,llm
11,S0026,R0133,4,The video helped me understand the parts of an atom. It was good to see how everything fits together.,2025-04-21T23:48:05.141104,llm
11,S0002,R0023,5,"This was a really helpful document. I like learning about functions, and reading about it makes it easy to understand.",2025-04-21T23:48:05.187117,llm
11,S0009,R0124,5,This document on poetry was really helpful! It matched how I like to learn and the topic was interesting.,2025-04-21T23:48:05.233008,llm
11,S0013,R0034,3,"The format was good for how I like to learn, but I'm not really into this subject.",2025-04-21T23:48:05.278685,llm
11,S0014,R0165,3,"The topic was cool, I like learning about forces and motion. But I wish there was an audio version instead of just a simulation.",2025-04-21T23:48:05.323385,llm
11,S0017,R0147,5,This document was really helpful for understanding states of matter. Reading about it is how I learn best.,2025-04-21T23:48:05.369574,llm
12,S0030,R0002,3,"This was okay because I like logic, but it wasn't really my favorite way to learn about it.",2025-04-21T23:48:33.128508,llm
12,S0003,R0002,3,"The topic was okay, but I really prefer listening to things instead of doing them.",2025-04-21T23:48:33.174586,llm
12,S0048,R0068,5,"This podcast was great!  I like learning about history this way, and the Middle Ages are interesting.",2025-04-21T23:48:33.219521,llm
12,S0007,R0065,5,"This was great! I really like listening to things, and this podcast helped me understand the short stories better.",2025-04-21T23:48:33.309064,llm
12,S0001,R0143,5,This simulation was really cool and helped me understand regional geography better. I like doing stuff instead of just reading.,2025-04-21T23:48:33.354349,llm
12,S0009,R0006,5,This article was really good! I like learning about matter and properties by reading about it.,2025-04-21T23:48:33.399932,llm
12,S0038,R0114,3,"The article was okay since I like reading, but the topic wasn't really something I'm interested in.",2025-04-21T23:48:33.444254,llm
12,S0018,R0176,5,"This article was really helpful! I like learning by reading, and understanding triangles is pretty cool.",2025-04-21T23:48:33.490941,llm
12,S0045,R0066,5,"This video on triangles was really helpful. I like learning about shapes and stuff, and seeing it explained visually made sense.",2025-04-21T23:48:33.536695,llm
12,S0032,R0052,4,This video was pretty good. It was easy to follow along since I like watching things.,2025-04-21T23:48:33.582234,llm
12,S0026,R0189,4,This quiz was a good way to test what I learned. I liked being able to do something hands-on.,2025-04-21T23:48:33.630228,llm
12,S0017,R0131,5,This document was great! It was easy to read and covered a topic I really like.,2025-04-21T23:48:33.675839,llm
12,S0028,R0035,3,"The audio format was good, but the topic wasn't really what I'm into. I prefer literature stuff.",2025-04-21T23:48:33.724704,llm
12,S0015,R0041,5,This simulation was awesome! I loved getting to actually mess around with how heat works.,2025-04-21T23:48:33.771156,llm
12,S0005,R0128,5,This article was really interesting and easy to understand. I like reading about history topics.,2025-04-21T23:48:33.815988,llm
12,S0034,R0163,5,This was awesome! I learned so much by actually doing stuff.,2025-04-21T23:48:33.860453,llm
12,S0036,R0047,4,This document was a good way to learn about novels since I like reading. It was easy to follow along.,2025-04-21T23:48:33.906631,llm
12,S0050,R0110,5,This map was really helpful! It matched my learning style and covered a topic I like.,2025-04-21T23:48:33.951744,llm
12,S0023,R0199,5,"This video was really helpful! I like learning with videos, and the topic was pretty interesting.",2025-04-21T23:48:33.997559,llm
13,S0036,R0121,4,"This was a good article. I like reading about history, and this was easy to understand.",2025-04-21T23:48:48.939319,llm
13,S0045,R0031,4,"This slideshow was pretty good. I like learning about Ancient Greece and Rome, and the pictures helped me understand things better.",2025-04-21T23:48:48.984642,llm
13,S0022,R0115,4,This article was pretty good. Reading about living things is interesting and it wasn't too hard to understand.,2025-04-21T23:48:49.037253,llm
13,S0013,R0204,5,This document was really helpful for understanding classification. I liked reading through the different categories.,2025-04-21T23:48:49.083783,llm
13,S0046,R0143,5,This simulation was really cool and helped me understand regional geography better.  It was way more fun than just reading about it.,2025-04-21T23:48:49.127099,llm
13,S0041,R0017,4,This video was pretty interesting since I like learning about history. I wish there were more hands-on things to do with it though.,2025-04-21T23:48:49.227479,llm
13,S0035,R0107,5,This quiz was a good way to practice bonding stuff. It was active and helped me learn.,2025-04-21T23:48:49.272265,llm
13,S0049,R0002,3,"The simulation was okay, it helped me understand some things by doing them.  But I'm not really into logic stuff.",2025-04-21T23:48:49.316949,llm
13,S0009,R0021,5,This document was really helpful! I like reading about how different living things are grouped.,2025-04-21T23:48:49.362392,llm
13,S0020,R0065,5,"This was great! I love listening to podcasts, and short story analysis is one of my favorite topics.",2025-04-21T23:48:49.407511,llm
13,S0016,R0068,4,"This was a good podcast! I usually like other topics more, but the audio format made it easy to learn about the Middle Ages.",2025-04-21T23:48:49.496187,llm
13,S0030,R0036,5,This map was really helpful for understanding equations. I like seeing how everything connects visually.,2025-04-21T23:48:49.541367,llm
13,S0001,R0041,5,This simulation was awesome! I learned so much about heat and temperature by actually doing stuff. It totally fits how I like to learn.,2025-04-21T23:48:49.586935,llm
13,S0015,R0017,4,"This video was pretty good!  I like learning about the Age of Exploration, but I wish there were more hands-on activities.",2025-04-21T23:48:49.676927,llm
13,S0032,R0133,4,The video was pretty good because I like watching stuff to learn. It made atomic structure easier to understand.,2025-04-21T23:48:49.721027,llm
13,S0011,R0031,5,"This slideshow was really cool! I love learning about Ancient Greece and Rome, and the pictures made it easy to understand.",2025-04-21T23:48:49.766189,llm
13,S0021,R0004,4,"I usually like reading more than watching videos, but this video was still good because I really like learning about novels.",2025-04-21T23:48:49.811682,llm
13,S0037,R0145,3,"The topic was okay since I like geography, but reading isn't really my thing. I wish there was an audio version.",2025-04-21T23:48:49.856074,llm
13,S0014,R0129,3,"The topic was cool, but I wish it was a video or something instead of just reading.",2025-04-21T23:48:49.900177,llm
13,S0039,R0060,5,This simulation was really cool! I liked being able to do stuff with the early civilizations topic.,2025-04-21T23:48:49.944601,llm
13,S0047,R0039,3,"The topic was interesting, but I learn better by listening.  Doing a quiz felt okay, but not my favorite way to learn.",2025-04-21T23:48:49.989037,llm
13,S0023,R0117,5,This map helped me see how everything in poetry connects.  It was way easier to understand than just reading about it.,2025-04-21T23:48:50.078843,llm
14,S0016,R0046,3,"It was an audio resource, which I like, but the topic wasn't my favorite. It was okay, but I'd rather learn about biology or literature.",2025-04-21T23:49:05.155929,llm
14,S0006,R0100,5,This quiz was a great way to learn about cell structure. I like how it let me move around and do things.,2025-04-21T23:49:05.203565,llm
14,S0033,R0021,5,"This document was great! I really like learning about how living things are classified, and reading about it works well for me.",2025-04-21T23:49:05.375891,llm
14,S0035,R0075,3,"The quiz was okay since I like doing things, but I'm not really into biology that much.",2025-04-21T23:49:05.421463,llm
14,S0003,R0095,3,"The quiz was okay because I like equations, but I wish there was an audio part to help me learn better.",2025-04-21T23:49:05.466263,llm
14,S0011,R0151,5,"This slideshow on functions was really helpful! I like learning with pictures and diagrams, and functions are pretty interesting.",2025-04-21T23:49:05.512320,llm
14,S0020,R0032,3,"The quiz was okay since I like equations, but I usually learn better by listening instead of doing things hands-on.",2025-04-21T23:49:05.557597,llm
14,S0010,R0174,5,This document was great! I like learning about genetics and reading is how I learn best.,2025-04-21T23:49:05.602321,llm
14,S0024,R0050,5,"This quiz on cell division was great! I really like learning about biology, and doing it in a way where I could physically interact made it much easier to understand.",2025-04-21T23:49:05.647488,llm
14,S0034,R0126,5,This simulation was really hands-on and helped me understand the states of matter way better than just reading about it.  It was cool to actually see how things change.,2025-04-21T23:49:05.693562,llm
14,S0031,R0133,4,This video was pretty good. It helped me understand atomic structure better.,2025-04-21T23:49:05.740192,llm
14,S0039,R0042,5,This quiz was a fun way to review. I liked that it was interactive and on a topic I enjoy.,2025-04-21T23:49:05.785464,llm
14,S0042,R0060,2,"This wasn't really my favorite topic, and I usually like hands-on stuff, but this simulation didn't really click for me either.",2025-04-21T23:49:05.831661,llm
14,S0004,R0126,3,"The topic was okay since I like chemistry, but I usually learn better when I can see things instead of just doing stuff.",2025-04-21T23:49:05.877365,llm
14,S0025,R0012,5,This simulation was really helpful!  Being able to actually do things made understanding the physics concepts much easier.,2025-04-21T23:49:05.923667,llm
14,S0048,R0083,3,"It was okay, but I usually learn better by listening. The topic was pretty interesting though.",2025-04-21T23:49:06.024232,llm
14,S0037,R0156,3,"The topic was cool, but I learn better when I can listen instead of just watching.",2025-04-21T23:49:06.069917,llm
14,S0005,R0115,5,This article was really good! I like reading about biology and this explained things well.,2025-04-21T23:49:06.115185,llm
14,S0047,R0149,3,"It was an audio resource, which I like, but the topic wasn't really my favorite.",2025-04-21T23:49:06.160087,llm
14,S0013,R0176,3,"The article was okay because I like reading, but triangles aren't my favorite topic.",2025-04-21T23:49:06.205991,llm
14,S0029,R0179,4,The topic was interesting and the quiz helped me remember stuff about cells. I liked doing something hands-on.,2025-04-21T23:49:06.266972,llm
14,S0043,R0072,5,"This article was super helpful. I like reading about how stuff is classified, and this explained it well.",2025-04-21T23:49:06.311933,llm
14,S0014,R0206,3,"The topic was pretty cool, but I learn better when I can listen to stuff.  It was okay, but not my favorite way to learn.",2025-04-21T23:49:06.356531,llm
14,S0050,R0178,5,"This slideshow was great! I really liked seeing the pictures and diagrams about states of matter, it made it easier to understand.",2025-04-21T23:49:06.402188,llm
14,S0049,R0125,3,"The topic was cool, but I learn better when I can actually do stuff, not just listen.",2025-04-21T23:49:06.497652,llm
15,S0029,R0113,5,This was a cool way to see how we learned about cells over time. I like seeing the pictures too.,2025-04-21T23:49:20.958170,llm
15,S0022,R0027,4,This video was pretty good. It explained chemical reactions in a way that made sense.,2025-04-21T23:49:21.004580,llm
15,S0005,R0072,5,This article was really good! I like reading about different types of animals and how they are grouped together.,2025-04-21T23:49:21.049624,llm
15,S0040,R0008,4,"It was a quiz, so I got to do stuff which I liked.  But I'm not really into analyzing stories.",2025-04-21T23:49:21.095337,llm
15,S0018,R0204,4,"This document was good because it matched how I like to learn. The topic was okay, not one of my least favorites.",2025-04-21T23:49:21.144310,llm
15,S0050,R0205,5,This map was super helpful for understanding bonding!  I like learning with pictures.,2025-04-21T23:49:21.188995,llm
15,S0028,R0120,3,"The audio format was good, but the topic wasn't really my favorite. I prefer learning about literature.",2025-04-21T23:49:21.234016,llm
15,S0011,R0195,5,This video was really helpful! It explained equations in a way that made sense to me.,2025-04-21T23:49:21.278377,llm
15,S0019,R0209,5,This quiz was a good way to test what I learned about the Middle Ages. It matched how I like to learn.,2025-04-21T23:49:21.323465,llm
15,S0044,R0163,5,This was awesome! I really liked doing stuff instead of just reading. Energy is a cool topic too.,2025-04-21T23:49:21.368080,llm
15,S0038,R0154,3,The document was easy to follow since I like reading. Physics isn't really my favorite topic though.,2025-04-21T23:49:21.413366,llm
15,S0027,R0106,5,"The slideshow was really helpful! I learn best by seeing things, and this showed me exactly what cell parts look like.",2025-04-21T23:49:21.458480,llm
15,S0030,R0151,5,This slideshow was really helpful for understanding functions! I like learning with pictures.,2025-04-21T23:49:21.503768,llm
15,S0012,R0004,4,"This video about novels was pretty good. I like learning about different book types, and the video made it easy to understand.",2025-04-21T23:49:21.548126,llm
15,S0042,R0146,5,This video on heat and temperature was really helpful and easy to follow. I like learning about physics topics like this.,2025-04-21T23:49:21.593190,llm
15,S0009,R0174,5,This document was super helpful for understanding the basics of genetics. Reading about it is my favorite way to learn.,2025-04-21T23:49:21.637886,llm
15,S0034,R0209,4,This quiz was pretty good. I liked that it was interactive and helped me remember the stuff about the Middle Ages.,2025-04-21T23:49:21.682217,llm
15,S0013,R0097,5,"This document was really helpful for understanding cell division.  I like reading, so this worked well for me.",2025-04-21T23:49:21.727258,llm
15,S0010,R0089,3,"The reading format was good, but I'm not really into chemistry topics right now. It was okay, I guess.",2025-04-21T23:49:21.771808,llm
15,S0033,R0070,5,"This document was great! It's about physics which I like, and reading is how I learn best.",2025-04-21T23:49:21.815956,llm
16,S0011,R0017,5,"This video was really good! I liked learning about the Age of Exploration, and the visuals made it easy to understand.",2025-04-21T23:49:39.938911,llm
16,S0005,R0060,3,"The topic was interesting, but the hands-on part wasn't my favorite way to learn about it. I'd rather read about early civilizations.",2025-04-21T23:49:39.985579,llm
16,S0044,R0159,5,This simulation was awesome! I loved being able to actually do things to understand functions.,2025-04-21T23:49:40.031078,llm
16,S0018,R0148,4,"This document was good. Reading is how I learn best, and this topic was okay.",2025-04-21T23:49:40.077428,llm
16,S0031,R0126,4,This simulation was pretty cool because I got to actually mess around with stuff. It helped me understand the topic better than just reading about it.,2025-04-21T23:49:40.122776,llm
16,S0047,R0052,3,"The topic was interesting, but I prefer listening to things rather than watching.",2025-04-21T23:49:40.168855,llm
16,S0029,R0129,2,"This article was okay, but energy isn't really my favorite topic. Reading isn't bad, but I prefer learning about biology.",2025-04-21T23:49:40.213857,llm
16,S0017,R0067,5,This document on bonding basics was really helpful. Reading about the topic works well for me.,2025-04-21T23:49:40.259105,llm
16,S0003,R0181,5,This was great! I like listening to things and logic is pretty cool.,2025-04-21T23:49:40.304528,llm
16,S0038,R0009,5,"This article was really helpful!  I like reading about how atoms connect, and this explained it clearly.",2025-04-21T23:49:40.539975,llm
16,S0032,R0180,5,This slideshow was really helpful for understanding maps. I liked seeing the different examples.,2025-04-21T23:49:40.588473,llm
16,S0023,R0113,5,This visual timeline was super helpful for understanding cell structure! I really like learning about biology this way.,2025-04-21T23:49:40.633398,llm
16,S0013,R0201,5,This article was great! I like reading about cells and this was easy to follow.,2025-04-21T23:49:40.679392,llm
16,S0041,R0163,4,"This simulation was pretty cool! I liked actually doing stuff instead of just reading. Energy isn't my favorite thing ever, but the hands-on part made it way better.",2025-04-21T23:49:40.725166,llm
16,S0020,R0069,5,"This podcast was awesome! I love learning about novels, and listening to it made it super easy to understand.",2025-04-21T23:49:40.769541,llm
16,S0036,R0023,4,"This reading was pretty good. It explained functions clearly, which helped me understand the topic.",2025-04-21T23:49:40.813966,llm
16,S0037,R0113,3,"It was okay because I like learning about cells, but I learn better when I can listen to things instead of just looking at pictures.",2025-04-21T23:49:40.858364,llm
16,S0024,R0003,5,This quiz was great! It really helped me understand cell division by letting me do things.,2025-04-21T23:49:40.902875,llm
16,S0025,R0186,5,"This simulation was really helpful! I learn best by doing, so being able to interact with the concepts made a big difference.",2025-04-21T23:49:40.947953,llm
16,S0019,R0008,5,"This quiz was great! I really like short stories, and doing it this way made it easy to understand.",2025-04-21T23:49:41.038157,llm
16,S0040,R0167,3,"The topic was interesting, but I learn better by doing things myself instead of just listening.",2025-04-21T23:49:41.088094,llm
16,S0016,R0115,3,"The topic was interesting, but I prefer listening to things rather than reading.",2025-04-21T23:49:41.133475,llm
16,S0050,R0007,5,"This video was great! It was visual, which helps me learn, and I'm really into the states of matter topic.",2025-04-21T23:49:41.178010,llm
16,S0006,R0039,5,"This quiz was great because it was about force and motion, which I like.  It also let me do things, which helps me learn.",2025-04-21T23:49:41.267838,llm
16,S0014,R0041,3,"The topic was cool, but I learn better by listening to stuff. Doing the simulation was okay though.",2025-04-21T23:49:41.312146,llm
17,S0006,R0189,4,"This quiz was cool because it was hands-on! I'm not super into chemistry, but the activities made it okay.",2025-04-21T23:50:06.577611,llm
17,S0038,R0006,3,The article was okay and easy to read. I usually prefer learning about biology or chemistry topics though.,2025-04-21T23:50:06.625228,llm
17,S0022,R0123,4,This simulation was pretty cool. I liked doing stuff with my hands to learn about landforms.,2025-04-21T23:50:06.670148,llm
17,S0015,R0187,3,"The video was okay since it was about the Age of Exploration, which I like. But I wish there were more hands-on activities instead of just watching.",2025-04-21T23:50:06.714934,llm
17,S0033,R0097,5,"This document was great! I like reading about cell division, and this format worked well for me.",2025-04-21T23:50:06.760345,llm
17,S0035,R0192,5,This quiz was great! I learned a lot about matter and properties by actually doing stuff.,2025-04-21T23:50:06.807416,llm
17,S0003,R0053,4,The video was pretty good since I like genetics. I usually like listening more than watching though.,2025-04-21T23:50:06.852805,llm
17,S0043,R0162,3,"It was okay because I like reading, but poetry isn't really my favorite subject.",2025-04-21T23:50:06.897950,llm
17,S0050,R0118,5,This timeline was really helpful for understanding the different states of matter. I liked seeing how the ideas developed over time.,2025-04-21T23:50:06.944029,llm
17,S0013,R0114,5,This article was great! I really enjoy reading about different types of books and this helped me understand novels better.,2025-04-21T23:50:06.990017,llm
17,S0034,R0083,5,"This simulation was great! I learn best by doing, so this really helped me understand the geography stuff.",2025-04-21T23:50:07.036320,llm
17,S0014,R0181,5,This podcast was awesome! I love learning about logic and listening is my favorite way to learn.,2025-04-21T23:50:07.081401,llm
17,S0016,R0008,3,The quiz was okay since I like short stories. I wish it was in a different format though.,2025-04-21T23:50:07.126343,llm
17,S0027,R0004,4,"This video was pretty good.  Since I like watching things, it helped me understand the novel stuff better.",2025-04-21T23:50:07.174065,llm
17,S0045,R0018,5,"This video was great! I really like learning about Ancient Greece and Rome, and watching a video helped me understand it better.",2025-04-21T23:50:07.219077,llm
17,S0010,R0097,5,"This document was great! Cell division is a topic I actually like, and I learn best by reading.",2025-04-21T23:50:07.264331,llm
17,S0025,R0107,5,This quiz was a great way to test what I learned about bonding. I liked doing it myself.,2025-04-21T23:50:07.310011,llm
17,S0021,R0085,5,"This document was really interesting! I liked learning about different cultures and populations, and reading about it is how I learn best.",2025-04-21T23:50:07.354906,llm
17,S0005,R0097,5,"This document was really helpful for understanding cell division. Reading is my favorite way to learn, and I actually like biology topics.",2025-04-21T23:50:07.401823,llm
17,S0017,R0148,5,This document on sets was really helpful. I like reading about math topics.,2025-04-21T23:50:07.447339,llm
17,S0028,R0069,5,This podcast was great! I love learning about novels and listening is my favorite way to learn.,2025-04-21T23:50:07.492434,llm
17,S0020,R0045,5,"This podcast was great! I really like learning about sets, and listening to it made it easy to understand.",2025-04-21T23:50:07.539243,llm
17,S0030,R0032,3,The quiz was okay because I like equations.  I wish it had more pictures or diagrams though.,2025-04-21T23:50:07.585435,llm
18,S0018,R0072,4,This article was pretty good for learning about classification. Reading is how I learn best so this worked well.,2025-04-21T23:50:24.028011,llm
18,S0012,R0187,4,"This video was pretty good. I like learning about the Age of Exploration, and the video format worked well for me.",2025-04-21T23:50:24.075044,llm
18,S0040,R0012,4,"This simulation was pretty cool and helped me understand the physics stuff better because I got to actually do things. It's not my favorite topic, but the interactive part made it way more interesting than just reading.",2025-04-21T23:50:24.176359,llm
18,S0036,R0093,4,"This article was pretty good. I like reading, and learning about old stuff is okay.",2025-04-21T23:50:24.222188,llm
18,S0004,R0027,5,This video was great! It was super helpful to see how reactions work instead of just reading about them.,2025-04-21T23:50:24.267796,llm
18,S0026,R0081,4,This mind map was pretty helpful for understanding states of matter. It was easy to follow the connections.,2025-04-21T23:50:24.313914,llm
18,S0038,R0067,5,This document was really helpful for understanding bonding basics. I like reading about chemistry topics.,2025-04-21T23:50:24.358092,llm
18,S0006,R0075,5,This quiz was great! I really like learning about biology and doing things to practice helps me remember.,2025-04-21T23:50:24.402951,llm
18,S0020,R0051,3,"I liked the topic about poetry, but I would have preferred to listen to it instead of reading.",2025-04-21T23:50:24.448249,llm
18,S0009,R0201,5,"This article was great! I like reading about cells, and this explained everything clearly.",2025-04-21T23:50:24.537236,llm
18,S0028,R0004,3,"The video was okay since I like learning about novels, but I usually learn better by listening.",2025-04-21T23:50:24.581738,llm
18,S0031,R0116,4,"This quiz was a good way to check what I learned. It was pretty interactive, which I liked.",2025-04-21T23:50:24.626923,llm
18,S0049,R0205,3,"The map helped me understand bonding a bit better since I like chemistry, but I wish there were more hands-on activities to go with it.",2025-04-21T23:50:24.670896,llm
18,S0015,R0149,3,"The topic was pretty cool, I like learning about ancient stuff.  But listening to a podcast isn't really my favorite way to learn.",2025-04-21T23:50:24.715412,llm
18,S0007,R0167,5,"This was great because I like learning by listening, and the podcast was easy to follow.",2025-04-21T23:50:24.761353,llm
18,S0022,R0163,4,This simulation was pretty cool. Doing stuff made it easier to understand energy.,2025-04-21T23:50:25.184569,llm
18,S0016,R0120,4,"The podcast format worked well for me. I'm not super into history, but this was easy to listen to.",2025-04-21T23:50:29.147845,llm
18,S0032,R0091,5,This video made understanding energy super easy!  Seeing everything helped a lot.,2025-04-21T23:50:29.194040,llm
18,S0044,R0012,4,"This simulation was pretty cool because I got to actually do stuff.  Physics isn't my favorite, but the hands-on part made it way better to understand.",2025-04-21T23:50:29.240115,llm
18,S0034,R0095,5,This quiz was really good because I like doing stuff with my hands. It helped me understand the equations better.,2025-04-21T23:50:29.285740,llm
19,S0007,R0120,5,This was a great way to learn about the Age of Exploration. I really liked listening to it.,2025-04-21T23:50:53.221420,llm
19,S0006,R0074,5,This quiz was great! I really liked doing the activities about energy.,2025-04-21T23:50:53.266441,llm
19,S0037,R0078,5,"This podcast was great! I learn best by listening, and cell division is a topic I actually like.",2025-04-21T23:50:53.312464,llm
19,S0041,R0116,5,This quiz was a good way to practice what I learned about chemistry.  I liked doing the questions.,2025-04-21T23:50:53.357744,llm
19,S0030,R0044,4,"The map was helpful for understanding geography, which was cool. It was easy to follow along because it was visual.",2025-04-21T23:50:53.402767,llm
19,S0043,R0128,5,This article was really interesting! I like reading about history and this explained what it's all about.,2025-04-21T23:50:53.448651,llm
19,S0026,R0123,4,This simulation was pretty cool. I liked getting to move around and see how different landforms are made.,2025-04-21T23:50:53.493259,llm
19,S0035,R0048,5,This simulation was awesome! It really helped me understand landforms by doing stuff.,2025-04-21T23:50:53.537796,llm
19,S0003,R0158,3,"The topic was cool, I like genetics, but I wish it was an audio thing instead of a video.",2025-04-21T23:50:53.582565,llm
19,S0013,R0008,3,"The topic was good because I like analyzing short stories. I didn't really like the hands-on part though, I prefer reading about it.",2025-04-21T23:50:53.627544,llm
19,S0042,R0144,4,"This slideshow was pretty good. I like learning about heat and temperature, and the pictures helped me understand it better.",2025-04-21T23:50:53.672169,llm
19,S0018,R0034,5,"This was a good document. I like to read and write, and the topic was okay.",2025-04-21T23:50:53.716924,llm
19,S0005,R0021,5,This document was great! I like reading and learning about how living things are classified.,2025-04-21T23:50:53.763068,llm
19,S0039,R0100,5,This quiz was great! I like learning about cells and doing stuff with my hands helps me remember it better.,2025-04-21T23:50:53.807798,llm
19,S0048,R0182,5,This was awesome! I love learning about atomic structure and listening to it made it really easy to understand.,2025-04-21T23:50:53.853210,llm
19,S0002,R0161,3,"The topic was good, I like learning about sets.  But the quiz was mostly dragging and dropping, which wasn't really my thing.",2025-04-21T23:50:53.898188,llm
19,S0025,R0039,5,This was a great way to test my understanding of force and motion. I really liked the hands-on feel of the quiz.,2025-04-21T23:50:53.943478,llm
19,S0047,R0015,3,"The audio format was good, but the topic wasn't something I'm super into.  It was okay, I guess.",2025-04-21T23:50:53.987811,llm
19,S0017,R0176,5,This article was really helpful for understanding triangles. I like reading about math topics like this.,2025-04-21T23:50:54.032479,llm
19,S0008,R0161,3,"The topic was okay, but I'd rather listen to something instead of doing a quiz.",2025-04-21T23:50:54.080044,llm
19,S0046,R0075,4,"The hands-on stuff in the quiz was pretty cool, even though I'm not super into biology.  Made it less boring than just reading.",2025-04-21T23:50:54.438536,llm
19,S0034,R0026,5,This quiz was pretty cool because it let me actually *do* stuff to figure out the answers. It was a good way to practice functions.,2025-04-21T23:50:54.482984,llm
19,S0010,R0104,5,"This article was really good. I like reading about cells, and this explained everything clearly.",2025-04-21T23:50:54.527830,llm
19,S0027,R0187,5,"This video was really good because I learn best by watching things, and the topic was interesting.",2025-04-21T23:50:54.573131,llm
19,S0024,R0161,5,This quiz was a good way to practice sets by actually doing problems. It helped me understand the topic better.,2025-04-21T23:50:54.617625,llm
20,S0036,R0208,4,This document was pretty good because I like reading. It helped me understand novels better.,2025-04-21T23:51:11.478985,llm
20,S0018,R0058,4,"This document was pretty good. It matched how I like to learn, and the topic wasn't one of the ones I really dislike.",2025-04-21T23:51:11.525650,llm
20,S0024,R0189,5,This quiz was great! It helped me understand bonding better by doing stuff.,2025-04-21T23:51:11.570828,llm
20,S0026,R0007,4,The video helped me understand states of matter. It was pretty clear.,2025-04-21T23:51:11.617303,llm
20,S0010,R0072,5,This article was really helpful! I like reading about how scientists group living things.,2025-04-21T23:51:11.667649,llm
20,S0047,R0063,3,"It was okay, but I prefer listening to things rather than looking at pictures. The topic was cool though.",2025-04-21T23:51:11.712790,llm
20,S0038,R0072,5,This article was great! It was easy to read and helped me understand how scientists classify living things.,2025-04-21T23:51:11.758138,llm
20,S0023,R0094,5,This video was awesome! I really like short stories and the visual format made it easy to understand.,2025-04-21T23:51:11.849242,llm
20,S0025,R0095,5,This quiz was a good way to practice equations. I liked actually doing the problems.,2025-04-21T23:51:11.895690,llm
20,S0011,R0016,5,"This slideshow was really good! It showed me exactly how the cell parts look, which made it way easier to understand.",2025-04-21T23:51:11.985428,llm
20,S0046,R0029,5,"This simulation was really good!  I like learning about different places, and actually doing stuff helped me understand it way better.",2025-04-21T23:51:12.029888,llm
20,S0022,R0191,4,This was a good way to learn about reactions. It helped me understand the concepts better by doing it myself.,2025-04-21T23:51:12.075141,llm
20,S0041,R0191,5,"This simulation was awesome! I really got to mess around with the reactions, which helped me understand how they work.",2025-04-21T23:51:12.119758,llm
20,S0030,R0177,3,The slideshow format was good for me since I like looking at stuff.  But the topic wasn't really my favorite subject.,2025-04-21T23:51:12.164169,llm
20,S0039,R0209,5,This quiz was a good way to test what I learned about the Middle Ages.  Doing the quiz helped me remember things better.,2025-04-21T23:51:12.208711,llm
20,S0032,R0001,4,The video was easy to follow since I like watching things to learn.  It explained matter and properties pretty well.,2025-04-21T23:51:12.252925,llm
20,S0042,R0041,5,This simulation was really cool! I like doing things hands-on and learning about heat is interesting.,2025-04-21T23:51:12.298791,llm
20,S0007,R0068,5,This was great! Listening to the podcast made it really easy to understand the Middle Ages.,2025-04-21T23:51:12.342977,llm
20,S0004,R0096,5,"This visual was awesome for understanding states of matter!  It's one of my favorite topics, and the pictures really helped.",2025-04-21T23:51:12.387199,llm
20,S0034,R0011,5,This quiz was a good way to practice. I liked being able to move around and click the answers.,2025-04-21T23:51:12.432691,llm
20,S0031,R0156,4,The video made understanding cell division much easier. It was good to see it visually.,2025-04-21T23:51:12.476842,llm
20,S0033,R0208,3,"The reading format was good for me, but I'm not really into novels. It was okay.",2025-04-21T23:51:12.521426,llm
20,S0019,R0064,5,This was a really cool way to analyze short stories! I liked being able to actually *do* stuff with the concepts.,2025-04-21T23:51:12.565998,llm
